{
  "comparison_date": "2026-01-27T19:08:40.488916",
  "compression_ratio": 16,
  "validation_samples": 3481,
  "best_model": "ResNet-Lite v2",
  "phase_status": "partial_completion",
  "results": {
    "Baseline": {
      "params": 2257809,
      "val_loss": 0.18140331402831122,
      "val_psnr": 20.474768962335148,
      "val_ssim": 0.6461584885186011,
      "enl_ratio": 1.0783245664998447,
      "epi": 0.860490608585017,
      "status": "complete",
      "notes": "Plain 4-layer encoder-decoder"
    },
    "ResNet-Lite v2": {
      "params": 5648033,
      "val_loss": 0.20180844577080612,
      "val_psnr": 17.601199053843086,
      "val_ssim": 0.6137617881144952,
      "enl_ratio": 0.9040214696262437,
      "epi": 0.8528200433935178,
      "status": "complete",
      "notes": "Post-activation residual blocks - BEST AVAILABLE"
    }
  }
}